"worksheet_id","reviewer_slot","pack_id","question_id","question_content_sha256","english_correct","answer_unique","explanation_correct","hint_safe","asset_consistent","rights_clear","age_appropriate","verdict","review_note","failed_criteria_notes","suggested_revision"
"draft-3c9686dac6674cc4-teacher-02-001","teacher-02","draft-3c9686dac6674cc4","g3-diagnostic-uppercase-lowercase-01","a386f3b6ba8a57ccb82f8ae1e3ff2a8c773e53f29a9d34e74ef0c4ba3185f48a","","","","","","","","","","",""
"draft-3c9686dac6674cc4-teacher-02-002","teacher-02","draft-3c9686dac6674cc4","g3-diagnostic-letter-listening-01","b3df4803baa3e53052d1e2e8c45901966aaeab87a237f2c9f499cfafdce5e7ae","","","","","","","","","","",""
"draft-3c9686dac6674cc4-teacher-02-003","teacher-02","draft-3c9686dac6674cc4","g3-diagnostic-letter-writing-01","6c1eb3c6ef1ecc0a4443c61c53fe6a9fc0c8727b87658811ab6927f96c94cd4d","","","","","","","","","","",""
"draft-3c9686dac6674cc4-teacher-02-004","teacher-02","draft-3c9686dac6674cc4","g3-diagnostic-phonological-awareness-01","0489a625105a721e36eb016c0161cd8913b87a7036d92fbc4500e7817d7d116e","","","","","","","","","","",""
"draft-3c9686dac6674cc4-teacher-02-005","teacher-02","draft-3c9686dac6674cc4","g3-diagnostic-cvc-01","3ab8efdcd690c3a5dd20b195a4feb956a447e312409f86c7f7a44e94e9906a28","","","","","","","","","","",""
"draft-3c9686dac6674cc4-teacher-02-006","teacher-02","draft-3c9686dac6674cc4","g3-cvc-practice-01","236b0307694eee81bd24b8c3fc0a13c8970807fd43868a01b802e16869dae10c","","","","","","","","","","",""
"draft-3c9686dac6674cc4-teacher-02-007","teacher-02","draft-3c9686dac6674cc4","g3-cvc-practice-02","f944678b1e1cf9baa6fa28c0b49afee3f471a85d8b3b6dbf8ba7be2ca262d662","","","","","","","","","","",""
"draft-3c9686dac6674cc4-teacher-02-008","teacher-02","draft-3c9686dac6674cc4","g3-cvc-practice-03","00f705a57fb576a4e510929fae3f0e6888a35c8d7d370f628828a69291e34542","","","","","","","","","","",""
"draft-3c9686dac6674cc4-teacher-02-009","teacher-02","draft-3c9686dac6674cc4","g3-cvc-practice-04","91fef5d95480ce78462d6e15e2934a3f06715587a0624c84e8c4cb3292adcf3a","","","","","","","","","","",""
"draft-3c9686dac6674cc4-teacher-02-010","teacher-02","draft-3c9686dac6674cc4","g3-cvc-practice-05","11984a84993afb7398d07db061f5dc3eecc88ddbcb7de798c745f35d624b1044","","","","","","","","","","",""
"draft-3c9686dac6674cc4-teacher-02-011","teacher-02","draft-3c9686dac6674cc4","g3-cvc-boss-01","c4ea481c8d0122344fc7949ecc9ba4255a9d9bd3e999b781de1a1c95725fba63","","","","","","","","","","",""
"draft-3c9686dac6674cc4-teacher-02-012","teacher-02","draft-3c9686dac6674cc4","g3-cvc-rescue-01","ee0c7cdb643aed238f92482016fc368273f43aaf5fdd9c2f57f2eb8ddd92b7fa","","","","","","","","","","",""
"draft-3c9686dac6674cc4-teacher-02-013","teacher-02","draft-3c9686dac6674cc4","g3-cvc-rescue-02","d0b139e1416a6b354f84396429212862512f83f90848aafe42b213d82917981a","","","","","","","","","","",""
"draft-3c9686dac6674cc4-teacher-02-014","teacher-02","draft-3c9686dac6674cc4","g3-cvc-review-01","3386f84bf0d9cefd8be293be316364b1827a71d598ff65ea27fe5b261f943f42","","","","","","","","","","",""
"draft-3c9686dac6674cc4-teacher-02-015","teacher-02","draft-3c9686dac6674cc4","g3-cvc-review-02","b043d9057e8ce50fed8087c22045f5ed99f3a0cdc7ac6a94bd5974fbd62fc925","","","","","","","","","","",""
"draft-3c9686dac6674cc4-teacher-02-016","teacher-02","draft-3c9686dac6674cc4","g4-diagnostic-image-sentence-01","a419441b71d48c45f428ed60d37b6caf4800902c148e2c2febefa9d649f8785e","","","","","","","","","","",""
"draft-3c9686dac6674cc4-teacher-02-017","teacher-02","draft-3c9686dac6674cc4","g4-diagnostic-affirmative-negative-01","72a47c4de836b0122c3c6fa5ebdd25e5b06d1e064b65a6568f6bfef697cd64dc","","","","","","","","","","",""
"draft-3c9686dac6674cc4-teacher-02-018","teacher-02","draft-3c9686dac6674cc4","g4-diagnostic-this-that-01","3bf599a4a32f8cb6a8a9a34ecde61e5525ab67fb46d3a3303c326eef7db3866f","","","","","","","","","","",""
"draft-3c9686dac6674cc4-teacher-02-019","teacher-02","draft-3c9686dac6674cc4","g4-diagnostic-yes-no-01","8440c17d75ed7dd2bc610d5116c533d96d87210d7a5e76a61fcb229832bd4855","","","","","","","","","","",""
"draft-3c9686dac6674cc4-teacher-02-020","teacher-02","draft-3c9686dac6674cc4","g4-diagnostic-cvc-01","c77a67bc3a488f08ed7b577bb2c2701bc5d386ddd56e052b97acae9c38122a8d","","","","","","","","","","",""
"draft-3c9686dac6674cc4-teacher-02-021","teacher-02","draft-3c9686dac6674cc4","g4-yes-no-practice-01","68f96fac5b8ee16921f0ae988fa3693477cd354f0f8df4a1cce558187c1accfa","","","","","","","","","","",""
"draft-3c9686dac6674cc4-teacher-02-022","teacher-02","draft-3c9686dac6674cc4","g4-yes-no-practice-02","7a1403b75764ccd94e67bc968a0f73aa9014c72eac457428a8381f087419bf85","","","","","","","","","","",""
"draft-3c9686dac6674cc4-teacher-02-023","teacher-02","draft-3c9686dac6674cc4","g4-yes-no-practice-03","1b285ad182618b2273b9884fdd20c838971f4726a97393afc1b1a72f3b075965","","","","","","","","","","",""
"draft-3c9686dac6674cc4-teacher-02-024","teacher-02","draft-3c9686dac6674cc4","g4-yes-no-practice-04","406644dde397721d5b16ca669917d4b6ff60427cbc327230c3ec2e4783c10995","","","","","","","","","","",""
"draft-3c9686dac6674cc4-teacher-02-025","teacher-02","draft-3c9686dac6674cc4","g4-yes-no-practice-05","9caaedbfa7bb69ea5c268f30de7dc9c22173b608673e2f53292f505b0f3f95cd","","","","","","","","","","",""
"draft-3c9686dac6674cc4-teacher-02-026","teacher-02","draft-3c9686dac6674cc4","g4-yes-no-boss-01","83dfe60ac93f947a718d45e867f3ba4cf32109a8f42dab02f5ca24ddd3ea843d","","","","","","","","","","",""
"draft-3c9686dac6674cc4-teacher-02-027","teacher-02","draft-3c9686dac6674cc4","g4-yes-no-rescue-01","448e45b42bf771a350d37c3dfe560a83aa042164e5012b66b61947917c92a733","","","","","","","","","","",""
"draft-3c9686dac6674cc4-teacher-02-028","teacher-02","draft-3c9686dac6674cc4","g4-yes-no-rescue-02","20c893551de1ebda744c080e4ef31ec74a7bb37f61745ace52fe86ab477f500e","","","","","","","","","","",""
"draft-3c9686dac6674cc4-teacher-02-029","teacher-02","draft-3c9686dac6674cc4","g4-yes-no-review-01","d3b2a397144c79dbafd474a1a166529025dd7810bcb40294e247db2859aa7f83","","","","","","","","","","",""
"draft-3c9686dac6674cc4-teacher-02-030","teacher-02","draft-3c9686dac6674cc4","g4-yes-no-review-02","bcbe5487165bd072f17e9a456825d0398d4ca7c34918750d202dcc4957793852","","","","","","","","","","",""
"draft-3c9686dac6674cc4-teacher-02-031","teacher-02","draft-3c9686dac6674cc4","g5-diagnostic-weather-01","f0605243a82ae500411f0f0d83217783e37f16caed5b692c636d3de4160e9d59","","","","","","","","","","",""
"draft-3c9686dac6674cc4-teacher-02-032","teacher-02","draft-3c9686dac6674cc4","g5-diagnostic-image-sentence-01","27913f973486791a56fa0ae53a4541e7a671fee0fbfac0e0446652ae18f17e04","","","","","","","","","","",""
"draft-3c9686dac6674cc4-teacher-02-033","teacher-02","draft-3c9686dac6674cc4","g5-diagnostic-adjective-01","7375d5dc097f05ed8e0a06019c2862a52ccb23b3374490664c8923a02915c4e0","","","","","","","","","","",""
"draft-3c9686dac6674cc4-teacher-02-034","teacher-02","draft-3c9686dac6674cc4","g5-diagnostic-age-can-01","d350e5af4ab3919587a963805be1855c0d05fad11727f8304401f7f1a36ef132","","","","","","","","","","",""
"draft-3c9686dac6674cc4-teacher-02-035","teacher-02","draft-3c9686dac6674cc4","g5-diagnostic-dialogue-01","99c6152d8f899fdf62a07d29cc578468a816ff934b34f08d63b03636c977364d","","","","","","","","","","",""
"draft-3c9686dac6674cc4-teacher-02-036","teacher-02","draft-3c9686dac6674cc4","g5-age-can-practice-01","e370de5357bc59bf9623d7ba28dc2a31b1c3d8b8a3d162bea5df636974486e14","","","","","","","","","","",""
"draft-3c9686dac6674cc4-teacher-02-037","teacher-02","draft-3c9686dac6674cc4","g5-age-can-practice-02","c7a0440d7372d1e66c95932e717f99e54012eb85dfe348947c764d34cb48b0d8","","","","","","","","","","",""
"draft-3c9686dac6674cc4-teacher-02-038","teacher-02","draft-3c9686dac6674cc4","g5-age-can-practice-03","d7ea087bd9ba0108d4893052d53ddf0e2a3915a7033f108e9fca59f9d8995b8e","","","","","","","","","","",""
"draft-3c9686dac6674cc4-teacher-02-039","teacher-02","draft-3c9686dac6674cc4","g5-age-can-practice-04","4c2c9970560e2c91b22ff118861bf88a5fdd4b8d74bec7151ea887d3a5c9d0f3","","","","","","","","","","",""
"draft-3c9686dac6674cc4-teacher-02-040","teacher-02","draft-3c9686dac6674cc4","g5-age-can-practice-05","85734992316fbdb7b4c28666be8441863216ccf03f284b82241fe401eda1af45","","","","","","","","","","",""
"draft-3c9686dac6674cc4-teacher-02-041","teacher-02","draft-3c9686dac6674cc4","g5-age-can-boss-01","c2686e631fb85a4f37b234dea02e5cddaed6bc7fd7d06dfdc8162aa2f21494d8","","","","","","","","","","",""
"draft-3c9686dac6674cc4-teacher-02-042","teacher-02","draft-3c9686dac6674cc4","g5-age-can-rescue-01","db23b39941e63f8ec9cf2d822b77eb5e636a7d7a5d302f9137676c2804e9035a","","","","","","","","","","",""
"draft-3c9686dac6674cc4-teacher-02-043","teacher-02","draft-3c9686dac6674cc4","g5-age-can-rescue-02","4fb976ef1c1cc822cab8e77d8b3e248b2032013ff802c684ab3d062af2ca7b34","","","","","","","","","","",""
"draft-3c9686dac6674cc4-teacher-02-044","teacher-02","draft-3c9686dac6674cc4","g5-age-can-review-01","144f41ac667398b1a563380c75582c76934fb9dae6c785f839c3a7562e7126b6","","","","","","","","","","",""
"draft-3c9686dac6674cc4-teacher-02-045","teacher-02","draft-3c9686dac6674cc4","g5-age-can-review-02","8484bd0b5cc7b776d5abb4756b6315efc7b9867885448db457200b41f107a38e","","","","","","","","","","",""
"draft-3c9686dac6674cc4-teacher-02-046","teacher-02","draft-3c9686dac6674cc4","g6-diagnostic-place-01","e22109d1580b8c6ee4880f7aef2e037468cc6769d159ec5538dc1a6a4c906747","","","","","","","","","","",""
"draft-3c9686dac6674cc4-teacher-02-047","teacher-02","draft-3c9686dac6674cc4","g6-diagnostic-progressive-01","717e55418fa59348fc0e687617c62df6f76a074fa24998f25eaea67c08654adb","","","","","","","","","","",""
"draft-3c9686dac6674cc4-teacher-02-048","teacher-02","draft-3c9686dac6674cc4","g6-diagnostic-clothing-have-01","d61430da578d65f1de977d8a153b4f7f6f43fc711dd979ce9d1a18bce2bee0f6","","","","","","","","","","",""
"draft-3c9686dac6674cc4-teacher-02-049","teacher-02","draft-3c9686dac6674cc4","g6-diagnostic-occupation-family-01","b83956ead68eb3b4992fe2e59439aacf41e425d15bd6c545857b91fd3e653fa4","","","","","","","","","","",""
"draft-3c9686dac6674cc4-teacher-02-050","teacher-02","draft-3c9686dac6674cc4","g6-diagnostic-integrated-01","feb9c6545e0c0da3346ed646e193b58bb2496156046956f667eb64c950bf2996","","","","","","","","","","",""
"draft-3c9686dac6674cc4-teacher-02-051","teacher-02","draft-3c9686dac6674cc4","g6-progressive-practice-01","36797aaecb5413c18cf57f4ac57ae4fbac6379ae237b313a555ca17f98878553","","","","","","","","","","",""
"draft-3c9686dac6674cc4-teacher-02-052","teacher-02","draft-3c9686dac6674cc4","g6-progressive-practice-02","b2d5d58e4166493e93b93390b41490e09f095b555d537d92c737945d1d7499f5","","","","","","","","","","",""
"draft-3c9686dac6674cc4-teacher-02-053","teacher-02","draft-3c9686dac6674cc4","g6-progressive-practice-03","a0148f416736fa8be7ba1db13cfcdda4642d91ad9aff259231b9b5a17df21d77","","","","","","","","","","",""
"draft-3c9686dac6674cc4-teacher-02-054","teacher-02","draft-3c9686dac6674cc4","g6-progressive-practice-04","0df16cf7c122443e6f83366b4b5c811331c2e24c6ae4332b7925c548ead1d40b","","","","","","","","","","",""
"draft-3c9686dac6674cc4-teacher-02-055","teacher-02","draft-3c9686dac6674cc4","g6-progressive-practice-05","5f95e440e5e23b04b097b5dacd437469553973b1f5069d1ee36b9defea204c95","","","","","","","","","","",""
"draft-3c9686dac6674cc4-teacher-02-056","teacher-02","draft-3c9686dac6674cc4","g6-progressive-boss-01","6687f0630fccf223a6f68adf2f1b9c10bdb7097047112e3680fe8732693932f7","","","","","","","","","","",""
"draft-3c9686dac6674cc4-teacher-02-057","teacher-02","draft-3c9686dac6674cc4","g6-progressive-rescue-01","1f20932d00e3a810e21bea48777b6a5df3eb86436483e757a6a0c0eb6ce7e442","","","","","","","","","","",""
"draft-3c9686dac6674cc4-teacher-02-058","teacher-02","draft-3c9686dac6674cc4","g6-progressive-rescue-02","f075dd82178cc6eae02a1152c1eaa9caca9240157ad473d63d5997b17035fde6","","","","","","","","","","",""
"draft-3c9686dac6674cc4-teacher-02-059","teacher-02","draft-3c9686dac6674cc4","g6-progressive-review-01","0fb7e5e1531cc58ab7c9555142acf381c92e58673651acf0b97dfd239d739ffc","","","","","","","","","","",""
"draft-3c9686dac6674cc4-teacher-02-060","teacher-02","draft-3c9686dac6674cc4","g6-progressive-review-02","2fb7acb5418f2bfa1a2f40e1761d2c9a1177d6b7542aea8b8410e4f744c28d09","","","","","","","","","","",""
"draft-3c9686dac6674cc4-teacher-02-061","teacher-02","draft-3c9686dac6674cc4","g3-review-uppercase-lowercase-01","d56f5851d8036e4a5e61fa3c632b5c8eafaea4fbb740cb6c67299cdde890365e","","","","","","","","","","",""
"draft-3c9686dac6674cc4-teacher-02-062","teacher-02","draft-3c9686dac6674cc4","g3-review-uppercase-lowercase-02","8628dd3e8394c648326450026ab89c7668c3bdff05034b96ab8adb75d2b7736b","","","","","","","","","","",""
"draft-3c9686dac6674cc4-teacher-02-063","teacher-02","draft-3c9686dac6674cc4","g3-review-uppercase-lowercase-03","16355d610600d75cd74f5743716755298e101ea0bce5e36ec450388dec5b1312","","","","","","","","","","",""
"draft-3c9686dac6674cc4-teacher-02-064","teacher-02","draft-3c9686dac6674cc4","g3-review-uppercase-lowercase-04","b09928c4d06da765fbb9cc353009f72c0d1be4369090e307983e112b7785b0ea","","","","","","","","","","",""
"draft-3c9686dac6674cc4-teacher-02-065","teacher-02","draft-3c9686dac6674cc4","g3-review-uppercase-lowercase-05","47dc4d38c9aa6d3ca10ebd2ddeb5f35106a281b107a97b9514ff8dabdf158a8d","","","","","","","","","","",""
"draft-3c9686dac6674cc4-teacher-02-066","teacher-02","draft-3c9686dac6674cc4","g3-review-uppercase-lowercase-06","0168546519d06a382229a944b282a9145e1abb2250161290a9855e6bb29c33db","","","","","","","","","","",""
"draft-3c9686dac6674cc4-teacher-02-067","teacher-02","draft-3c9686dac6674cc4","g3-review-uppercase-lowercase-07","2223ef08c5bbec0021fc0e14dcf25f01193a66a8fdcbd4bed64930cbe39e180d","","","","","","","","","","",""
"draft-3c9686dac6674cc4-teacher-02-068","teacher-02","draft-3c9686dac6674cc4","g3-review-letter-listening-01","4f11aab03b7594f13fdf83d189cc29539e82c9149aa8ba2d5dacca94a0c0c38f","","","","","","","","","","",""
"draft-3c9686dac6674cc4-teacher-02-069","teacher-02","draft-3c9686dac6674cc4","g3-review-letter-listening-02","e3f32077bc52734612cf23689197d640a5fc85e51d6293fe35a9096d633fcb82","","","","","","","","","","",""
"draft-3c9686dac6674cc4-teacher-02-070","teacher-02","draft-3c9686dac6674cc4","g3-review-letter-listening-03","9b2218123da2d46ad1938612dad27603ef1edd72cae964dda6ede7d5f4a8ce02","","","","","","","","","","",""
"draft-3c9686dac6674cc4-teacher-02-071","teacher-02","draft-3c9686dac6674cc4","g3-review-letter-listening-04","200fc5563e77bae396ea3c3001919d41731688ba488e90aaf47d0a3ae290a36b","","","","","","","","","","",""
"draft-3c9686dac6674cc4-teacher-02-072","teacher-02","draft-3c9686dac6674cc4","g3-review-letter-listening-05","b618b52e2895139488ffe7292be207b95f1b6fdff7bd8c5f14746448381c5e7e","","","","","","","","","","",""
"draft-3c9686dac6674cc4-teacher-02-073","teacher-02","draft-3c9686dac6674cc4","g3-review-letter-listening-06","3bc1615a08cfd36dd0ff44af6d2bfc6cc6d3efd02d6262cd6e64ffd5c133aa5d","","","","","","","","","","",""
"draft-3c9686dac6674cc4-teacher-02-074","teacher-02","draft-3c9686dac6674cc4","g3-review-letter-listening-07","d666fcf47082c0b1fabdfab864c83d19270f1967ebddab48515cf5668b98eb8a","","","","","","","","","","",""
"draft-3c9686dac6674cc4-teacher-02-075","teacher-02","draft-3c9686dac6674cc4","g3-review-letter-writing-01","cfcff9e31885ec386f336ea1ee5b78cac01eb7042b1327336ed0d74d4c1bd66b","","","","","","","","","","",""
"draft-3c9686dac6674cc4-teacher-02-076","teacher-02","draft-3c9686dac6674cc4","g3-review-letter-writing-02","a7dc661ead203e68651be13ba0b7956ec6e6807037684c8fc4a2f837578b9329","","","","","","","","","","",""
"draft-3c9686dac6674cc4-teacher-02-077","teacher-02","draft-3c9686dac6674cc4","g3-review-letter-writing-03","3aa10d39637402e21b5689da66f6ebf10b99f9b75e230055aaba4784fe7a0cbb","","","","","","","","","","",""
"draft-3c9686dac6674cc4-teacher-02-078","teacher-02","draft-3c9686dac6674cc4","g3-review-letter-writing-04","6cb176c48d346f8708bad127d7bd54591e8a1571255ab79113006222f99f0aea","","","","","","","","","","",""
"draft-3c9686dac6674cc4-teacher-02-079","teacher-02","draft-3c9686dac6674cc4","g3-review-letter-writing-05","5fcdc96de46c14cd363488fe425bd4d3c94ae654f3c49d90d72691f21d962877","","","","","","","","","","",""
"draft-3c9686dac6674cc4-teacher-02-080","teacher-02","draft-3c9686dac6674cc4","g3-review-letter-writing-06","456ae359b550f5443b416eed547a6d9fc52ede75479fb41e7f2a6e4cbffa466f","","","","","","","","","","",""
"draft-3c9686dac6674cc4-teacher-02-081","teacher-02","draft-3c9686dac6674cc4","g3-review-letter-writing-07","805d23c43114c4fbcc69ca5c8da4c0b51dc855643ee8dadf39a065483397d467","","","","","","","","","","",""
"draft-3c9686dac6674cc4-teacher-02-082","teacher-02","draft-3c9686dac6674cc4","g3-review-phonological-awareness-01","7123ee86f5fad8504d44ce19a8f8aa7f8ab1fb7ecaa158a2017349d1a26aea4c","","","","","","","","","","",""
"draft-3c9686dac6674cc4-teacher-02-083","teacher-02","draft-3c9686dac6674cc4","g3-review-phonological-awareness-02","d52f94a55223def8d13164aa099ddaea4e5db483100ea54e4e6d6513fcf8fe6e","","","","","","","","","","",""
"draft-3c9686dac6674cc4-teacher-02-084","teacher-02","draft-3c9686dac6674cc4","g3-review-phonological-awareness-03","57690d286d94994bc7f360ec33d3bbb019cc190911023ffb77814c1f86da409b","","","","","","","","","","",""
"draft-3c9686dac6674cc4-teacher-02-085","teacher-02","draft-3c9686dac6674cc4","g3-review-phonological-awareness-04","893b06c86109c046d847eb0ebc8a4e0d9d5869e3b95f4351adff9ec1f822782a","","","","","","","","","","",""
"draft-3c9686dac6674cc4-teacher-02-086","teacher-02","draft-3c9686dac6674cc4","g3-review-phonological-awareness-05","a5aa5cb3c051e7f9695579d814b7ecdc5e0aadc47847239614343e05f6544b5b","","","","","","","","","","",""
"draft-3c9686dac6674cc4-teacher-02-087","teacher-02","draft-3c9686dac6674cc4","g3-review-phonological-awareness-06","af7e80e361da18375da98441656ea845e1e2aed74e827430243ab87568aae167","","","","","","","","","","",""
"draft-3c9686dac6674cc4-teacher-02-088","teacher-02","draft-3c9686dac6674cc4","g3-review-phonological-awareness-07","191088118e6279a3c5fb71324617ae331ac37482a69f33ae92e51b672dc0b6ee","","","","","","","","","","",""
"draft-3c9686dac6674cc4-teacher-02-089","teacher-02","draft-3c9686dac6674cc4","g3-review-cvc-decoding-01","b1d91d2edbaf4013ec49e5ba0cdef3c03924037eed51213b3045067cfd049ecc","","","","","","","","","","",""
"draft-3c9686dac6674cc4-teacher-02-090","teacher-02","draft-3c9686dac6674cc4","g3-review-cvc-decoding-02","9483bfdc56da1aaef1a2067eeaf1375c847aa70e824e739356ff660a1f6b1212","","","","","","","","","","",""
"draft-3c9686dac6674cc4-teacher-02-091","teacher-02","draft-3c9686dac6674cc4","g3-review-cvc-decoding-03","72547a8671a8714bd54c365be5297f67995b021b2346064002df4293a9aaeb22","","","","","","","","","","",""
"draft-3c9686dac6674cc4-teacher-02-092","teacher-02","draft-3c9686dac6674cc4","g3-review-cvc-decoding-04","16a9974c1b61b4a80ca4ccb63b25d4f385d72eb765e5327f6e0b232a81a49c4a","","","","","","","","","","",""
"draft-3c9686dac6674cc4-teacher-02-093","teacher-02","draft-3c9686dac6674cc4","g3-review-cvc-decoding-05","f8b26ad0c9b372757bfc25fcd6d8ec45b9491f2bd98c45567edd3c29677a2f94","","","","","","","","","","",""
"draft-3c9686dac6674cc4-teacher-02-094","teacher-02","draft-3c9686dac6674cc4","g3-review-cvc-decoding-06","fb5d6545aa769d5dc0d0c8d922488adeb7f8c7e87325996b3794d4651e074339","","","","","","","","","","",""
"draft-3c9686dac6674cc4-teacher-02-095","teacher-02","draft-3c9686dac6674cc4","g3-review-cvc-decoding-07","c04dd9eff402fd80aab9851238dc79048f77300d2afe79c4edada569c3cd73eb","","","","","","","","","","",""
"draft-3c9686dac6674cc4-teacher-02-096","teacher-02","draft-3c9686dac6674cc4","g4-review-image-sentence-01","d2db98c5f7a68db065e2856764e2ae849386ea89e75a92a7885d48f60b0ce208","","","","","","","","","","",""
"draft-3c9686dac6674cc4-teacher-02-097","teacher-02","draft-3c9686dac6674cc4","g4-review-image-sentence-02","111c7ec98b6e5ff69548474235c3170323af305bb58b79eda8ec0f566ab518b1","","","","","","","","","","",""
"draft-3c9686dac6674cc4-teacher-02-098","teacher-02","draft-3c9686dac6674cc4","g4-review-image-sentence-03","a36447d64aa3dd277946312e11aaae919f411e00eee66d99cc719d1f307b8cf0","","","","","","","","","","",""
"draft-3c9686dac6674cc4-teacher-02-099","teacher-02","draft-3c9686dac6674cc4","g4-review-image-sentence-04","551a309c76b5148303451f5e7b0843d850a431430b67c4e06eeedeb3cce2a410","","","","","","","","","","",""
"draft-3c9686dac6674cc4-teacher-02-100","teacher-02","draft-3c9686dac6674cc4","g4-review-image-sentence-05","b02e7d4ef839c73263698276234ffac1e5aadf8723971a2de71bbcf9ba848f97","","","","","","","","","","",""
"draft-3c9686dac6674cc4-teacher-02-101","teacher-02","draft-3c9686dac6674cc4","g4-review-image-sentence-06","98d54a4d41ecb19c4968be72889661ee5ac5460de7a0230f22a6dbb326215472","","","","","","","","","","",""
"draft-3c9686dac6674cc4-teacher-02-102","teacher-02","draft-3c9686dac6674cc4","g4-review-image-sentence-07","19ab9cbea9e88bfc9da28dec4ad33e2b0d7431d2627e194966dacd005935504b","","","","","","","","","","",""
"draft-3c9686dac6674cc4-teacher-02-103","teacher-02","draft-3c9686dac6674cc4","g4-review-affirmative-negative-01","ed11a3cc716a5b5f7da1f89d946a24edccabd0eb4d53c45cd19b4e9ed8ee989d","","","","","","","","","","",""
"draft-3c9686dac6674cc4-teacher-02-104","teacher-02","draft-3c9686dac6674cc4","g4-review-affirmative-negative-02","7ab6d4b74eb66ebdc42967a2713f90035f138ecde8165aafe79685375b41116c","","","","","","","","","","",""
"draft-3c9686dac6674cc4-teacher-02-105","teacher-02","draft-3c9686dac6674cc4","g4-review-affirmative-negative-03","de85dfb622faf0efcd110d354bc3d267b6f970f743ac04e724136a862e2ee0bf","","","","","","","","","","",""
"draft-3c9686dac6674cc4-teacher-02-106","teacher-02","draft-3c9686dac6674cc4","g4-review-affirmative-negative-04","c1be1171ea0e00287676607fc51573ca02a385a14ae4b8242890080ad4d68fda","","","","","","","","","","",""
"draft-3c9686dac6674cc4-teacher-02-107","teacher-02","draft-3c9686dac6674cc4","g4-review-affirmative-negative-05","d282d71a2e6b961831739e64a846df2098af2637381b427e7c77fbeca73e0e16","","","","","","","","","","",""
"draft-3c9686dac6674cc4-teacher-02-108","teacher-02","draft-3c9686dac6674cc4","g4-review-affirmative-negative-06","ab13ce3cd6cc1a7b7b6d4e3fb1d43fc020cf4cf25c8fc8bcf284730c17fe0aa7","","","","","","","","","","",""
"draft-3c9686dac6674cc4-teacher-02-109","teacher-02","draft-3c9686dac6674cc4","g4-review-affirmative-negative-07","f132368f19a0b1e0cee666593fb58a320a38cff40e4cf00af7fda1a444e2c9c7","","","","","","","","","","",""
"draft-3c9686dac6674cc4-teacher-02-110","teacher-02","draft-3c9686dac6674cc4","g4-review-this-that-01","9c959947c50fee3b8ab6eaeda73fbbee343558b33c3d924c3aea1833a3a86b27","","","","","","","","","","",""
"draft-3c9686dac6674cc4-teacher-02-111","teacher-02","draft-3c9686dac6674cc4","g4-review-this-that-02","011783df5e0666906f8bf0ed402a2e856be24e157734105fe649508510ecad9e","","","","","","","","","","",""
"draft-3c9686dac6674cc4-teacher-02-112","teacher-02","draft-3c9686dac6674cc4","g4-review-this-that-03","43826ac9a2a0dd70d448a1e5d186566f8cf3c84ce428a577b1a3a70ae4bc93fb","","","","","","","","","","",""
"draft-3c9686dac6674cc4-teacher-02-113","teacher-02","draft-3c9686dac6674cc4","g4-review-this-that-04","e12cc346cbb93e36fc96d6b5a7808796f6db8eca6a4c9b5b878e46fc158b4c7d","","","","","","","","","","",""
"draft-3c9686dac6674cc4-teacher-02-114","teacher-02","draft-3c9686dac6674cc4","g4-review-this-that-05","30e9ea77fd52cc654fb1f0963ce767036018bebd4febf0448fcfdfb7ef9e3b79","","","","","","","","","","",""
"draft-3c9686dac6674cc4-teacher-02-115","teacher-02","draft-3c9686dac6674cc4","g4-review-this-that-06","946c50b3dee6003372025ef09727b150f9d47c380219c06ee0a2dee918a0a733","","","","","","","","","","",""
"draft-3c9686dac6674cc4-teacher-02-116","teacher-02","draft-3c9686dac6674cc4","g4-review-this-that-07","59480b0e1590bf24ee432b501403c401dad5a604e595e684b61111cf31d63728","","","","","","","","","","",""
"draft-3c9686dac6674cc4-teacher-02-117","teacher-02","draft-3c9686dac6674cc4","g4-review-yes-no-01","08c6b21dc85a3e626adb4644c92cb2d6a7ae6bc4799da0da5a882507f3284165","","","","","","","","","","",""
"draft-3c9686dac6674cc4-teacher-02-118","teacher-02","draft-3c9686dac6674cc4","g4-review-yes-no-02","b86dbc4dd4120b1991390559cab2af26708754aa359e472b69774d33cf9ba3cd","","","","","","","","","","",""
"draft-3c9686dac6674cc4-teacher-02-119","teacher-02","draft-3c9686dac6674cc4","g4-review-yes-no-03","13181bf42c709d656facf3dcc679ccb0dfdd0fd6b8cee33d5d955e356c440174","","","","","","","","","","",""
"draft-3c9686dac6674cc4-teacher-02-120","teacher-02","draft-3c9686dac6674cc4","g4-review-yes-no-04","18b7ee54c3b6213e9c0f0a9a2aac08f373a4de24daa2808fb4e5be394ca4a0fc","","","","","","","","","","",""
"draft-3c9686dac6674cc4-teacher-02-121","teacher-02","draft-3c9686dac6674cc4","g4-review-yes-no-05","fe6a0dfb0653850279e392ac294b12a5348dac8da20be83bb6eb34675af0a306","","","","","","","","","","",""
"draft-3c9686dac6674cc4-teacher-02-122","teacher-02","draft-3c9686dac6674cc4","g4-review-yes-no-06","d381744767b59125ed83a8792cf8f7ad432b643cc995b02edcccf4a0ce6307d6","","","","","","","","","","",""
"draft-3c9686dac6674cc4-teacher-02-123","teacher-02","draft-3c9686dac6674cc4","g4-review-yes-no-07","0afc3aad64271de32f4ec89b411a74ab8044326028ed9a3ef61481aa0e5ca419","","","","","","","","","","",""
"draft-3c9686dac6674cc4-teacher-02-124","teacher-02","draft-3c9686dac6674cc4","g4-review-cvc-01","765b26b099ba3a56bfdcf5f8620a31ac1ee97a694574cac4c1d58ebcea85fa03","","","","","","","","","","",""
"draft-3c9686dac6674cc4-teacher-02-125","teacher-02","draft-3c9686dac6674cc4","g4-review-cvc-02","a8ca2f598c26c39929eba6aafe1b75a0301286f2f2c52254d798f0ac0c7f189d","","","","","","","","","","",""
"draft-3c9686dac6674cc4-teacher-02-126","teacher-02","draft-3c9686dac6674cc4","g4-review-cvc-03","26122f22b1ccd3e81d0f5f153ae8d01222df35b5df109e626c68df6dba015c65","","","","","","","","","","",""
"draft-3c9686dac6674cc4-teacher-02-127","teacher-02","draft-3c9686dac6674cc4","g4-review-cvc-04","3977a0a38209bcfed8b5625806c07d3abd31ca8cd89f6c102c4ca40b7825fca6","","","","","","","","","","",""
"draft-3c9686dac6674cc4-teacher-02-128","teacher-02","draft-3c9686dac6674cc4","g4-review-cvc-05","e8567409c0b953d58a3cbefbaf38999b44ba90b02000d38866c1db247e2248eb","","","","","","","","","","",""
"draft-3c9686dac6674cc4-teacher-02-129","teacher-02","draft-3c9686dac6674cc4","g4-review-cvc-06","05145c33b32b7fc6dd68eaaa36eae0427220167e1a029c9b219cb583593bf1d1","","","","","","","","","","",""
"draft-3c9686dac6674cc4-teacher-02-130","teacher-02","draft-3c9686dac6674cc4","g4-review-cvc-07","96c6d45128f0513c3bf7fa2f56b2af6fbc6a6bfe720ad1d13a3ff253ac7e163a","","","","","","","","","","",""
"draft-3c9686dac6674cc4-teacher-02-131","teacher-02","draft-3c9686dac6674cc4","g5-review-weather-01","870985f24e4fe0349e1782621de5133fa96f7b8959ed1fec3fe13e6fdf9df13b","","","","","","","","","","",""
"draft-3c9686dac6674cc4-teacher-02-132","teacher-02","draft-3c9686dac6674cc4","g5-review-weather-02","6118ac582c2533c0b59459ca8bf642e963a6a71fb6cc620e9bf2c8cd4fecf3d2","","","","","","","","","","",""
"draft-3c9686dac6674cc4-teacher-02-133","teacher-02","draft-3c9686dac6674cc4","g5-review-weather-03","a03fa5fd90398f924b58460c2e15fbc7362b8fffa2211ac507e4a3392c0c20f2","","","","","","","","","","",""
"draft-3c9686dac6674cc4-teacher-02-134","teacher-02","draft-3c9686dac6674cc4","g5-review-weather-04","3abe1a72244aeeca769f88f64484c02ab128b1de123c4c478e392eccb8f0173a","","","","","","","","","","",""
"draft-3c9686dac6674cc4-teacher-02-135","teacher-02","draft-3c9686dac6674cc4","g5-review-weather-05","56b692c2d253b05f418c018ea90e7b661d59adf35bdb9b3891a2a52e3d10534a","","","","","","","","","","",""
"draft-3c9686dac6674cc4-teacher-02-136","teacher-02","draft-3c9686dac6674cc4","g5-review-weather-06","6f12d7572f5778b96ef26d825c242df568c1db8af87c1b84cfa50b7416e21f83","","","","","","","","","","",""
"draft-3c9686dac6674cc4-teacher-02-137","teacher-02","draft-3c9686dac6674cc4","g5-review-weather-07","d7fe962b2756677534aadbb4cfee4aafa0de1a182f163d4690add047f32ac947","","","","","","","","","","",""
"draft-3c9686dac6674cc4-teacher-02-138","teacher-02","draft-3c9686dac6674cc4","g5-review-image-01","0c1f6712d70b73d3b011461dbb38c2fd0fe24004ac342d0c5d9584a1b95ae202","","","","","","","","","","",""
"draft-3c9686dac6674cc4-teacher-02-139","teacher-02","draft-3c9686dac6674cc4","g5-review-image-02","8d599de0b94315310fde00d7f66da5f24dd72d3ee088551f949f827914b6662b","","","","","","","","","","",""
"draft-3c9686dac6674cc4-teacher-02-140","teacher-02","draft-3c9686dac6674cc4","g5-review-image-03","ab8db9028c8407a9b670734e5a569d8250a54e5442fd77c952671b23413ada45","","","","","","","","","","",""
"draft-3c9686dac6674cc4-teacher-02-141","teacher-02","draft-3c9686dac6674cc4","g5-review-image-04","4a62fdffee9374676f72136880ddbf418e782ee56c115de36e452b4bdd169a2b","","","","","","","","","","",""
"draft-3c9686dac6674cc4-teacher-02-142","teacher-02","draft-3c9686dac6674cc4","g5-review-image-05","75e6bfdbfd4c5d60770d71c7ba7ef83d3f548ec6488fea771e4e3d9bebf5164c","","","","","","","","","","",""
"draft-3c9686dac6674cc4-teacher-02-143","teacher-02","draft-3c9686dac6674cc4","g5-review-image-06","47ddf039c7e4d882d71ffe6490e00fa7c5c49b6e8bd103a5e3309e3e6eda7972","","","","","","","","","","",""
"draft-3c9686dac6674cc4-teacher-02-144","teacher-02","draft-3c9686dac6674cc4","g5-review-image-07","071b580a5ce628df1e2ca08ee5fde36843ff9e4bd8be5e3c1656e68b25a85b95","","","","","","","","","","",""
"draft-3c9686dac6674cc4-teacher-02-145","teacher-02","draft-3c9686dac6674cc4","g5-review-adjective-01","fb329c3c7be9b6f49f9227962cc6890ce06b82eb43767e6b54b9ce998f1b9375","","","","","","","","","","",""
"draft-3c9686dac6674cc4-teacher-02-146","teacher-02","draft-3c9686dac6674cc4","g5-review-adjective-02","47967bfb9c59dc9ea6af246d611705e09e161b60a7164aca332a92f795af11fe","","","","","","","","","","",""
"draft-3c9686dac6674cc4-teacher-02-147","teacher-02","draft-3c9686dac6674cc4","g5-review-adjective-03","6e89b7f8db0b6807d1a91c4ec98503bcf792b6f6057dce56f7e6be1734b304e7","","","","","","","","","","",""
"draft-3c9686dac6674cc4-teacher-02-148","teacher-02","draft-3c9686dac6674cc4","g5-review-adjective-04","2616dca2ec2ce6f30e97a0067b80ca4de2a7107b21bbfa731f126d712c8df40d","","","","","","","","","","",""
"draft-3c9686dac6674cc4-teacher-02-149","teacher-02","draft-3c9686dac6674cc4","g5-review-adjective-05","bd24a713890d1db78078febc5457bd1135a012ecc08017dbf1c9c29feb12e2d3","","","","","","","","","","",""
"draft-3c9686dac6674cc4-teacher-02-150","teacher-02","draft-3c9686dac6674cc4","g5-review-adjective-06","e628de69998c7ef0544667448c0ebdc172b933e4b8e3eaa85ce892cf4a0de6ec","","","","","","","","","","",""
"draft-3c9686dac6674cc4-teacher-02-151","teacher-02","draft-3c9686dac6674cc4","g5-review-adjective-07","bd9c950ef52b5a0c1c09ff3253a1be059e5658b0ea5c096921d045a9fe943701","","","","","","","","","","",""
"draft-3c9686dac6674cc4-teacher-02-152","teacher-02","draft-3c9686dac6674cc4","g5-review-age-can-01","2a9e31a82a520ee8ceb5bbcf0146af3eae469b96ce199e2e51cbfd42492a1976","","","","","","","","","","",""
"draft-3c9686dac6674cc4-teacher-02-153","teacher-02","draft-3c9686dac6674cc4","g5-review-age-can-02","bda315d83dc673c4178d050d1eee3359a90973dc07a1aa3689ac69231a0e0561","","","","","","","","","","",""
"draft-3c9686dac6674cc4-teacher-02-154","teacher-02","draft-3c9686dac6674cc4","g5-review-age-can-03","0646722b01fa33fc7c06cccf64afd596f9b801a34a744649ae39a4d560e86013","","","","","","","","","","",""
"draft-3c9686dac6674cc4-teacher-02-155","teacher-02","draft-3c9686dac6674cc4","g5-review-age-can-04","b566334be6a5a0595e2014a9fbe6b5b320669cdaa0a478b16cba7961531cd24c","","","","","","","","","","",""
"draft-3c9686dac6674cc4-teacher-02-156","teacher-02","draft-3c9686dac6674cc4","g5-review-age-can-05","678c5f36d9921e84a2a7cd9e83894adc418fa1bb4dd969413907e84b6a269119","","","","","","","","","","",""
"draft-3c9686dac6674cc4-teacher-02-157","teacher-02","draft-3c9686dac6674cc4","g5-review-age-can-06","aefc97a84a4162d79b21fc59f59df88da9195dd168a986cd580d1192eada08f4","","","","","","","","","","",""
"draft-3c9686dac6674cc4-teacher-02-158","teacher-02","draft-3c9686dac6674cc4","g5-review-age-can-07","7a9871e5ffc5772c5cf66133c3741898b92c3c531aa4bf3f03f204e4197ca786","","","","","","","","","","",""
"draft-3c9686dac6674cc4-teacher-02-159","teacher-02","draft-3c9686dac6674cc4","g5-review-dialogue-01","3f338fb42510d3d76858bb8ed3c67a5f808fc3b9834117a0c268a42112ee97d1","","","","","","","","","","",""
"draft-3c9686dac6674cc4-teacher-02-160","teacher-02","draft-3c9686dac6674cc4","g5-review-dialogue-02","c99c76c7f79869fc8e98691b85b0803c59f546781a8768b81e1253c2c9dc4831","","","","","","","","","","",""
"draft-3c9686dac6674cc4-teacher-02-161","teacher-02","draft-3c9686dac6674cc4","g5-review-dialogue-03","47db5cf03dff805accb9c1d02925f5aace95c33a9c6847db3d15f48e0c3c0dfe","","","","","","","","","","",""
"draft-3c9686dac6674cc4-teacher-02-162","teacher-02","draft-3c9686dac6674cc4","g5-review-dialogue-04","a14ef5c5f6d7c44e9358602f79408527cdcb4b94c92706509c101ea1f19efbc6","","","","","","","","","","",""
"draft-3c9686dac6674cc4-teacher-02-163","teacher-02","draft-3c9686dac6674cc4","g5-review-dialogue-05","31edf9f7c9ad5960fdd6b6cbdf14e77bb5f7ded9154c0f9b5246ea11cd246979","","","","","","","","","","",""
"draft-3c9686dac6674cc4-teacher-02-164","teacher-02","draft-3c9686dac6674cc4","g5-review-dialogue-06","71703b8c6a937362734353713cab20262b075f6d3809b12b7f861207ad8c07f8","","","","","","","","","","",""
"draft-3c9686dac6674cc4-teacher-02-165","teacher-02","draft-3c9686dac6674cc4","g5-review-dialogue-07","22bb2b70abb470c2656e0bf845b041a7667e523bde600b12226f571d69104cbc","","","","","","","","","","",""
"draft-3c9686dac6674cc4-teacher-02-166","teacher-02","draft-3c9686dac6674cc4","g6-review-place-01","3208262d0863603877765973f9771fa18cbdb62d910903ff5f89f41dcc6b207b","","","","","","","","","","",""
"draft-3c9686dac6674cc4-teacher-02-167","teacher-02","draft-3c9686dac6674cc4","g6-review-place-02","ccafa20e6f32269f110a99963b00a75da3178325f052175c3c8aa3a5acfebbdc","","","","","","","","","","",""
"draft-3c9686dac6674cc4-teacher-02-168","teacher-02","draft-3c9686dac6674cc4","g6-review-place-03","af61e93462b3da3de2ca9f686d867e540ccdb583409a6e60bf89b521d6d909e0","","","","","","","","","","",""
"draft-3c9686dac6674cc4-teacher-02-169","teacher-02","draft-3c9686dac6674cc4","g6-review-place-04","8ff76d9e734ec68ad5f3ec503d92a0cf6d3b785b7bf1305621fff4768b6c326b","","","","","","","","","","",""
"draft-3c9686dac6674cc4-teacher-02-170","teacher-02","draft-3c9686dac6674cc4","g6-review-place-05","4073d58b492f3081c5d69a551a9e1b25c1cf59c0f4e4edbcba80026c70b8521f","","","","","","","","","","",""
"draft-3c9686dac6674cc4-teacher-02-171","teacher-02","draft-3c9686dac6674cc4","g6-review-place-06","ea0d704d7a27dcfe14d7862bcce970ccf9a6dd8af1464cf7e099087c1dd0f904","","","","","","","","","","",""
"draft-3c9686dac6674cc4-teacher-02-172","teacher-02","draft-3c9686dac6674cc4","g6-review-place-07","cf228ef0291519a5f8aa3aa8bf269b666cd22f188991b148ca8cc69c250fe7d1","","","","","","","","","","",""
"draft-3c9686dac6674cc4-teacher-02-173","teacher-02","draft-3c9686dac6674cc4","g6-review-progressive-01","d850e36cde0be37801c55de60ec818cbdacc1239c1fcd9156b43d2e73370b670","","","","","","","","","","",""
"draft-3c9686dac6674cc4-teacher-02-174","teacher-02","draft-3c9686dac6674cc4","g6-review-progressive-02","5e39244cfefbe85b0a59ae4d299913fe1f36d238b09e393f7b47062ce593f87e","","","","","","","","","","",""
"draft-3c9686dac6674cc4-teacher-02-175","teacher-02","draft-3c9686dac6674cc4","g6-review-progressive-03","3490aca386cf766d48953e1b9093eb47e8050564914e106dbd61737f8c667070","","","","","","","","","","",""
"draft-3c9686dac6674cc4-teacher-02-176","teacher-02","draft-3c9686dac6674cc4","g6-review-progressive-04","a3ee205fbbe8d7b4305ca518c4edb18395a8c07fdf3362c4366df0f938044d5e","","","","","","","","","","",""
"draft-3c9686dac6674cc4-teacher-02-177","teacher-02","draft-3c9686dac6674cc4","g6-review-progressive-05","d915c06242877fe7ed034cd3dc601a9fbdbbf120d50509f7f720584f78b8a11b","","","","","","","","","","",""
"draft-3c9686dac6674cc4-teacher-02-178","teacher-02","draft-3c9686dac6674cc4","g6-review-progressive-06","64249ca9796d0591774f83704750e2b96d23dd269423e59f012861e31707c649","","","","","","","","","","",""
"draft-3c9686dac6674cc4-teacher-02-179","teacher-02","draft-3c9686dac6674cc4","g6-review-progressive-07","810e6d6bed655b1f9eb78517dbc7aaf4b5c6ac88805f1749379275715d199754","","","","","","","","","","",""
"draft-3c9686dac6674cc4-teacher-02-180","teacher-02","draft-3c9686dac6674cc4","g6-review-clothing-01","e9a90801e74753b794dfef3b785cba249bc069af4cc17473d512313d3ede0475","","","","","","","","","","",""
"draft-3c9686dac6674cc4-teacher-02-181","teacher-02","draft-3c9686dac6674cc4","g6-review-clothing-02","ea99063872b097bf212f365f4e5fe752dff631d2d29e883f06b665bf42a37a3e","","","","","","","","","","",""
"draft-3c9686dac6674cc4-teacher-02-182","teacher-02","draft-3c9686dac6674cc4","g6-review-clothing-03","372798535e6e68588c6b94aa49f076595d0da791247188a7047b734052e44d65","","","","","","","","","","",""
"draft-3c9686dac6674cc4-teacher-02-183","teacher-02","draft-3c9686dac6674cc4","g6-review-clothing-04","d906545de1999e1303166d401583ec99f50cb2a622682ff2f50538a040cf2151","","","","","","","","","","",""
"draft-3c9686dac6674cc4-teacher-02-184","teacher-02","draft-3c9686dac6674cc4","g6-review-clothing-05","9ead6842bf82e8cfcaec20af2ceee83f714f03b9934899f1f9cf2cef823bac32","","","","","","","","","","",""
"draft-3c9686dac6674cc4-teacher-02-185","teacher-02","draft-3c9686dac6674cc4","g6-review-clothing-06","6823f6681442c92d8cea8a2ea0c7cdbea8520c9bbbee4b58722204a3b13f8003","","","","","","","","","","",""
"draft-3c9686dac6674cc4-teacher-02-186","teacher-02","draft-3c9686dac6674cc4","g6-review-clothing-07","b0d51d1fd68ea00bc1e2272a28a4c31d6848b80587dae89e0e67e5529fa277bb","","","","","","","","","","",""
"draft-3c9686dac6674cc4-teacher-02-187","teacher-02","draft-3c9686dac6674cc4","g6-review-occupation-01","62c7275ef6e2d3187bc7a334a5b2fe4f6f91a1841a4849007394f97227012287","","","","","","","","","","",""
"draft-3c9686dac6674cc4-teacher-02-188","teacher-02","draft-3c9686dac6674cc4","g6-review-occupation-02","d6137a43383e80340d5193143d142134db0d1b1db1bfcd4096e8ebb84dd4938a","","","","","","","","","","",""
"draft-3c9686dac6674cc4-teacher-02-189","teacher-02","draft-3c9686dac6674cc4","g6-review-occupation-03","5365f5cdfc1dc584cff3e19c1a97adbc92d81f4fb16867926fa25221f7b081fb","","","","","","","","","","",""
"draft-3c9686dac6674cc4-teacher-02-190","teacher-02","draft-3c9686dac6674cc4","g6-review-occupation-04","1acaf85a5cb26d58628722bdca4582401196b7f307d1cc6af185057d9870190d","","","","","","","","","","",""
"draft-3c9686dac6674cc4-teacher-02-191","teacher-02","draft-3c9686dac6674cc4","g6-review-occupation-05","0e4c4fedad15a79079e04f26e23a432807f9f36c40c45ff5a59d5cb698b9e415","","","","","","","","","","",""
"draft-3c9686dac6674cc4-teacher-02-192","teacher-02","draft-3c9686dac6674cc4","g6-review-occupation-06","d60f8dc4fb736de61ffc8000dede7328fc697d9ba21cc8419497b80223ec35ba","","","","","","","","","","",""
"draft-3c9686dac6674cc4-teacher-02-193","teacher-02","draft-3c9686dac6674cc4","g6-review-occupation-07","e1687ff6c4af84c82a7f5a658b94de679cd0b02942e28d7d6bb6417ffcc00b98","","","","","","","","","","",""
"draft-3c9686dac6674cc4-teacher-02-194","teacher-02","draft-3c9686dac6674cc4","g6-review-integrated-01","6721549028b6e2f2f1d3abc17eef500c1cce635eede178b347e73bf3b246bf51","","","","","","","","","","",""
"draft-3c9686dac6674cc4-teacher-02-195","teacher-02","draft-3c9686dac6674cc4","g6-review-integrated-02","c86cb58a28de3c4e4c14991ac80b1efe72c97f49facb661896efda0c93cf99e6","","","","","","","","","","",""
"draft-3c9686dac6674cc4-teacher-02-196","teacher-02","draft-3c9686dac6674cc4","g6-review-integrated-03","12d88e93ba2c6753004b565353840f42b1e5db755daa377af739f8676405816f","","","","","","","","","","",""
"draft-3c9686dac6674cc4-teacher-02-197","teacher-02","draft-3c9686dac6674cc4","g6-review-integrated-04","dca20a4fb6605c7522f4760dabcbfe6071d069c9627ec84df29d9414cf8905be","","","","","","","","","","",""
"draft-3c9686dac6674cc4-teacher-02-198","teacher-02","draft-3c9686dac6674cc4","g6-review-integrated-05","94decf5e4fef4d8efa61b4948678d701b3f8af8e6369913ef461d377d5b27d5c","","","","","","","","","","",""
"draft-3c9686dac6674cc4-teacher-02-199","teacher-02","draft-3c9686dac6674cc4","g6-review-integrated-06","e1ae61c5178063ee9bb858a7fd6c1d7b8263278bec6fd23fc8d006e6ddc3e3a4","","","","","","","","","","",""
"draft-3c9686dac6674cc4-teacher-02-200","teacher-02","draft-3c9686dac6674cc4","g6-review-integrated-07","a4376a13071663163df161e9f2bba2358fb6cb20a6226a0f2bbd173e96a04c02","","","","","","","","","","",""
